timing_category,AEPATT,AETRTEM,n
Before treatment start,NEW,ON-TREATMENT,35
Before treatment start,ONGOING WITHOUT CHANGE,ON-TREATMENT,30
After 30-day window,NEW,POST-TREATMENT,28
Before treatment start,ONGOING WITH CHANGE,ON-TREATMENT,16
After 30-day window,ONGOING WITHOUT CHANGE,POST-TREATMENT,13
After 30-day window,NEW,ON-TREATMENT,10
After 30-day window,ONGOING WITH CHANGE,POST-TREATMENT,9
Before treatment start,ONGOING WITHOUT CHANGE,POST-TREATMENT,8
Before treatment start,ONGOING WITH CHANGE,POST-TREATMENT,1
