row_type,system_organ_class,preferred_term,n_subjects,percent,n_events
Overall,Subjects with at least one TEAE,NA,420,92.71523178807946,8743
SOC,GENERAL DISORDERS AND ADMINISTRATION SITE CONDITIONS,NA,259,57.17439293598234,1514
Preferred Term,GENERAL DISORDERS AND ADMINISTRATION SITE CONDITIONS,FATIGUE,125,27.59381898454746,653
Preferred Term,GENERAL DISORDERS AND ADMINISTRATION SITE CONDITIONS,ASTHENIA,80,17.660044150110377,305
Preferred Term,GENERAL DISORDERS AND ADMINISTRATION SITE CONDITIONS,OEDEMA PERIPHERAL,54,11.920529801324504,261
Preferred Term,GENERAL DISORDERS AND ADMINISTRATION SITE CONDITIONS,PYREXIA,43,9.492273730684326,75
Preferred Term,GENERAL DISORDERS AND ADMINISTRATION SITE CONDITIONS,NON-CARDIAC CHEST PAIN,26,5.739514348785872,70
Preferred Term,GENERAL DISORDERS AND ADMINISTRATION SITE CONDITIONS,PAIN,11,2.4282560706401766,26
Preferred Term,GENERAL DISORDERS AND ADMINISTRATION SITE CONDITIONS,INFLUENZA LIKE ILLNESS,8,1.7660044150110374,11
Preferred Term,GENERAL DISORDERS AND ADMINISTRATION SITE CONDITIONS,CHEST DISCOMFORT,6,1.3245033112582782,12
Preferred Term,GENERAL DISORDERS AND ADMINISTRATION SITE CONDITIONS,DISEASE PROGRESSION,5,1.1037527593818985,5
Preferred Term,GENERAL DISORDERS AND ADMINISTRATION SITE CONDITIONS,FACE OEDEMA,5,1.1037527593818985,10
Preferred Term,GENERAL DISORDERS AND ADMINISTRATION SITE CONDITIONS,OEDEMA,5,1.1037527593818985,17
Preferred Term,GENERAL DISORDERS AND ADMINISTRATION SITE CONDITIONS,CHILLS,4,0.8830022075055187,5
Preferred Term,GENERAL DISORDERS AND ADMINISTRATION SITE CONDITIONS,INFUSION SITE EXTRAVASATION,4,0.8830022075055187,9
Preferred Term,GENERAL DISORDERS AND ADMINISTRATION SITE CONDITIONS,MALAISE,4,0.8830022075055187,6
Preferred Term,GENERAL DISORDERS AND ADMINISTRATION SITE CONDITIONS,CHEST PAIN,3,0.6622516556291391,6
Preferred Term,GENERAL DISORDERS AND ADMINISTRATION SITE CONDITIONS,INJECTION SITE REACTION,3,0.6622516556291391,6
Preferred Term,GENERAL DISORDERS AND ADMINISTRATION SITE CONDITIONS,GENERALISED OEDEMA,2,0.44150110375275936,8
Preferred Term,GENERAL DISORDERS AND ADMINISTRATION SITE CONDITIONS,LOCALISED OEDEMA,2,0.44150110375275936,2
Preferred Term,GENERAL DISORDERS AND ADMINISTRATION SITE CONDITIONS,CATHETER SITE ERYTHEMA,1,0.22075055187637968,2
Preferred Term,GENERAL DISORDERS AND ADMINISTRATION SITE CONDITIONS,DEVICE OCCLUSION,1,0.22075055187637968,1
Preferred Term,GENERAL DISORDERS AND ADMINISTRATION SITE CONDITIONS,GAIT DISTURBANCE,1,0.22075055187637968,7
Preferred Term,GENERAL DISORDERS AND ADMINISTRATION SITE CONDITIONS,GRANULOMA,1,0.22075055187637968,1
Preferred Term,GENERAL DISORDERS AND ADMINISTRATION SITE CONDITIONS,GRAVITATIONAL OEDEMA,1,0.22075055187637968,1
Preferred Term,GENERAL DISORDERS AND ADMINISTRATION SITE CONDITIONS,INFUSION RELATED REACTION,1,0.22075055187637968,1
Preferred Term,GENERAL DISORDERS AND ADMINISTRATION SITE CONDITIONS,INJECTION SITE EXTRAVASATION,1,0.22075055187637968,2
Preferred Term,GENERAL DISORDERS AND ADMINISTRATION SITE CONDITIONS,INJECTION SITE PHLEBITIS,1,0.22075055187637968,2
Preferred Term,GENERAL DISORDERS AND ADMINISTRATION SITE CONDITIONS,TENDERNESS,1,0.22075055187637968,6
Preferred Term,GENERAL DISORDERS AND ADMINISTRATION SITE CONDITIONS,THROMBOSIS IN DEVICE,1,0.22075055187637968,4
SOC,GASTROINTESTINAL DISORDERS,NA,220,48.565121412803535,1013
Preferred Term,GASTROINTESTINAL DISORDERS,DIARRHOEA,105,23.178807947019866,227
Preferred Term,GASTROINTESTINAL DISORDERS,NAUSEA,89,19.646799116997794,209
Preferred Term,GASTROINTESTINAL DISORDERS,STOMATITIS,67,14.79028697571744,134
Preferred Term,GASTROINTESTINAL DISORDERS,VOMITING,55,12.141280353200884,85
Preferred Term,GASTROINTESTINAL DISORDERS,CONSTIPATION,54,11.920529801324504,113
Preferred Term,GASTROINTESTINAL DISORDERS,ABDOMINAL PAIN,26,5.739514348785872,54
Preferred Term,GASTROINTESTINAL DISORDERS,DRY MOUTH,11,2.4282560706401766,37
Preferred Term,GASTROINTESTINAL DISORDERS,ABDOMINAL PAIN UPPER,7,1.5452538631346577,12
Preferred Term,GASTROINTESTINAL DISORDERS,DYSPEPSIA,7,1.5452538631346577,13
Preferred Term,GASTROINTESTINAL DISORDERS,DYSPHAGIA,6,1.3245033112582782,9
Preferred Term,GASTROINTESTINAL DISORDERS,ODYNOPHAGIA,4,0.8830022075055187,6
Preferred Term,GASTROINTESTINAL DISORDERS,OESOPHAGITIS,4,0.8830022075055187,11
Preferred Term,GASTROINTESTINAL DISORDERS,ABDOMINAL DISCOMFORT,3,0.6622516556291391,5
Preferred Term,GASTROINTESTINAL DISORDERS,ABDOMINAL DISTENSION,3,0.6622516556291391,14
Preferred Term,GASTROINTESTINAL DISORDERS,CHEILITIS,3,0.6622516556291391,5
Preferred Term,GASTROINTESTINAL DISORDERS,ABDOMINAL PAIN LOWER,2,0.44150110375275936,6
Preferred Term,GASTROINTESTINAL DISORDERS,ASCITES,2,0.44150110375275936,4
Preferred Term,GASTROINTESTINAL DISORDERS,FLATULENCE,2,0.44150110375275936,3
Preferred Term,GASTROINTESTINAL DISORDERS,GASTRITIS,2,0.44150110375275936,2
Preferred Term,GASTROINTESTINAL DISORDERS,GASTROOESOPHAGEAL REFLUX DISEASE,2,0.44150110375275936,10
Preferred Term,GASTROINTESTINAL DISORDERS,ORAL PAIN,2,0.44150110375275936,4
Preferred Term,GASTROINTESTINAL DISORDERS,PERIODONTITIS,2,0.44150110375275936,9
Preferred Term,GASTROINTESTINAL DISORDERS,RECTAL HAEMORRHAGE,2,0.44150110375275936,2
Preferred Term,GASTROINTESTINAL DISORDERS,TOOTHACHE,2,0.44150110375275936,8
Preferred Term,GASTROINTESTINAL DISORDERS,ABDOMINAL HERNIA,1,0.22075055187637968,1
Preferred Term,GASTROINTESTINAL DISORDERS,ABDOMINAL TENDERNESS,1,0.22075055187637968,3
Preferred Term,GASTROINTESTINAL DISORDERS,APHTHOUS STOMATITIS,1,0.22075055187637968,1
Preferred Term,GASTROINTESTINAL DISORDERS,CHAPPED LIPS,1,0.22075055187637968,2
Preferred Term,GASTROINTESTINAL DISORDERS,DUODENAL ULCER HAEMORRHAGE,1,0.22075055187637968,1
Preferred Term,GASTROINTESTINAL DISORDERS,FAECAL INCONTINENCE,1,0.22075055187637968,2
Preferred Term,GASTROINTESTINAL DISORDERS,GASTROINTESTINAL HYPOMOTILITY,1,0.22075055187637968,1
Preferred Term,GASTROINTESTINAL DISORDERS,GINGIVAL BLEEDING,1,0.22075055187637968,3
Preferred Term,GASTROINTESTINAL DISORDERS,HAEMORRHOIDAL HAEMORRHAGE,1,0.22075055187637968,1
Preferred Term,GASTROINTESTINAL DISORDERS,HAEMORRHOIDS,1,0.22075055187637968,2
Preferred Term,GASTROINTESTINAL DISORDERS,IMPAIRED GASTRIC EMPTYING,1,0.22075055187637968,1
Preferred Term,GASTROINTESTINAL DISORDERS,LARGE INTESTINE PERFORATION,1,0.22075055187637968,1
Preferred Term,GASTROINTESTINAL DISORDERS,LIP DRY,1,0.22075055187637968,1
Preferred Term,GASTROINTESTINAL DISORDERS,MELAENA,1,0.22075055187637968,1
Preferred Term,GASTROINTESTINAL DISORDERS,OESOPHAGITIS ULCERATIVE,1,0.22075055187637968,1
Preferred Term,GASTROINTESTINAL DISORDERS,PANCREATIC CYST,1,0.22075055187637968,9
SOC,"RESPIRATORY, THORACIC AND MEDIASTINAL DISORDERS",NA,209,46.136865342163354,1023
Preferred Term,"RESPIRATORY, THORACIC AND MEDIASTINAL DISORDERS",DYSPNOEA,89,19.646799116997794,286
Preferred Term,"RESPIRATORY, THORACIC AND MEDIASTINAL DISORDERS",COUGH,84,18.543046357615893,330
Preferred Term,"RESPIRATORY, THORACIC AND MEDIASTINAL DISORDERS",HAEMOPTYSIS,25,5.518763796909492,39
Preferred Term,"RESPIRATORY, THORACIC AND MEDIASTINAL DISORDERS",EPISTAXIS,24,5.298013245033113,61
Preferred Term,"RESPIRATORY, THORACIC AND MEDIASTINAL DISORDERS",DYSPHONIA,16,3.532008830022075,68
Preferred Term,"RESPIRATORY, THORACIC AND MEDIASTINAL DISORDERS",OROPHARYNGEAL PAIN,11,2.4282560706401766,21
Preferred Term,"RESPIRATORY, THORACIC AND MEDIASTINAL DISORDERS",PRODUCTIVE COUGH,10,2.207505518763797,33
Preferred Term,"RESPIRATORY, THORACIC AND MEDIASTINAL DISORDERS",CHRONIC OBSTRUCTIVE PULMONARY DISEASE,9,1.9867549668874172,18
Preferred Term,"RESPIRATORY, THORACIC AND MEDIASTINAL DISORDERS",DYSPNOEA EXERTIONAL,9,1.9867549668874172,26
Preferred Term,"RESPIRATORY, THORACIC AND MEDIASTINAL DISORDERS",PLEURAL EFFUSION,8,1.7660044150110374,15
Preferred Term,"RESPIRATORY, THORACIC AND MEDIASTINAL DISORDERS",PULMONARY EMBOLISM,8,1.7660044150110374,21
Preferred Term,"RESPIRATORY, THORACIC AND MEDIASTINAL DISORDERS",HICCUPS,4,0.8830022075055187,10
Preferred Term,"RESPIRATORY, THORACIC AND MEDIASTINAL DISORDERS",PNEUMOTHORAX,4,0.8830022075055187,13
Preferred Term,"RESPIRATORY, THORACIC AND MEDIASTINAL DISORDERS",RHINORRHOEA,4,0.8830022075055187,23
Preferred Term,"RESPIRATORY, THORACIC AND MEDIASTINAL DISORDERS",PNEUMONITIS,3,0.6622516556291391,3
Preferred Term,"RESPIRATORY, THORACIC AND MEDIASTINAL DISORDERS",WHEEZING,3,0.6622516556291391,7
Preferred Term,"RESPIRATORY, THORACIC AND MEDIASTINAL DISORDERS",ACUTE RESPIRATORY FAILURE,2,0.44150110375275936,2
Preferred Term,"RESPIRATORY, THORACIC AND MEDIASTINAL DISORDERS",BRONCHOSPASM,2,0.44150110375275936,5
Preferred Term,"RESPIRATORY, THORACIC AND MEDIASTINAL DISORDERS",NASAL CONGESTION,2,0.44150110375275936,2
Preferred Term,"RESPIRATORY, THORACIC AND MEDIASTINAL DISORDERS",BRONCHOSTENOSIS,1,0.22075055187637968,1
Preferred Term,"RESPIRATORY, THORACIC AND MEDIASTINAL DISORDERS",DIAPHRAGMALGIA,1,0.22075055187637968,1
Preferred Term,"RESPIRATORY, THORACIC AND MEDIASTINAL DISORDERS",HAEMOTHORAX,1,0.22075055187637968,2
Preferred Term,"RESPIRATORY, THORACIC AND MEDIASTINAL DISORDERS",HYPOXIA,1,0.22075055187637968,1
Preferred Term,"RESPIRATORY, THORACIC AND MEDIASTINAL DISORDERS",LUNG INFILTRATION,1,0.22075055187637968,4
Preferred Term,"RESPIRATORY, THORACIC AND MEDIASTINAL DISORDERS",NASAL DISCOMFORT,1,0.22075055187637968,4
Preferred Term,"RESPIRATORY, THORACIC AND MEDIASTINAL DISORDERS",OBSTRUCTIVE AIRWAYS DISORDER,1,0.22075055187637968,1
Preferred Term,"RESPIRATORY, THORACIC AND MEDIASTINAL DISORDERS",PHARYNGEAL INFLAMMATION,1,0.22075055187637968,6
Preferred Term,"RESPIRATORY, THORACIC AND MEDIASTINAL DISORDERS",PLEURITIC PAIN,1,0.22075055187637968,2
Preferred Term,"RESPIRATORY, THORACIC AND MEDIASTINAL DISORDERS",PULMONARY FIBROSIS,1,0.22075055187637968,1
Preferred Term,"RESPIRATORY, THORACIC AND MEDIASTINAL DISORDERS",PULMONARY OEDEMA,1,0.22075055187637968,7
Preferred Term,"RESPIRATORY, THORACIC AND MEDIASTINAL DISORDERS",RESPIRATORY FAILURE,1,0.22075055187637968,1
Preferred Term,"RESPIRATORY, THORACIC AND MEDIASTINAL DISORDERS",SINUS CONGESTION,1,0.22075055187637968,4
Preferred Term,"RESPIRATORY, THORACIC AND MEDIASTINAL DISORDERS",STRIDOR,1,0.22075055187637968,1
Preferred Term,"RESPIRATORY, THORACIC AND MEDIASTINAL DISORDERS",TACHYPNOEA,1,0.22075055187637968,1
Preferred Term,"RESPIRATORY, THORACIC AND MEDIASTINAL DISORDERS",UPPER RESPIRATORY TRACT INFLAMMATION,1,0.22075055187637968,1
Preferred Term,"RESPIRATORY, THORACIC AND MEDIASTINAL DISORDERS",UPPER-AIRWAY COUGH SYNDROME,1,0.22075055187637968,2
SOC,SKIN AND SUBCUTANEOUS TISSUE DISORDERS,NA,196,43.26710816777042,1787
Preferred Term,SKIN AND SUBCUTANEOUS TISSUE DISORDERS,ALOPECIA,141,31.125827814569536,1075
Preferred Term,SKIN AND SUBCUTANEOUS TISSUE DISORDERS,NAIL DISORDER,32,7.06401766004415,233
Preferred Term,SKIN AND SUBCUTANEOUS TISSUE DISORDERS,RASH,25,5.518763796909492,88
Preferred Term,SKIN AND SUBCUTANEOUS TISSUE DISORDERS,PRURITUS,12,2.6490066225165565,40
Preferred Term,SKIN AND SUBCUTANEOUS TISSUE DISORDERS,DRY SKIN,9,1.9867549668874172,34
Preferred Term,SKIN AND SUBCUTANEOUS TISSUE DISORDERS,ONYCHOLYSIS,8,1.7660044150110374,46
Preferred Term,SKIN AND SUBCUTANEOUS TISSUE DISORDERS,HYPERHIDROSIS,7,1.5452538631346577,11
Preferred Term,SKIN AND SUBCUTANEOUS TISSUE DISORDERS,PALMAR-PLANTAR ERYTHRODYSAESTHESIA SYNDROME,6,1.3245033112582782,28
Preferred Term,SKIN AND SUBCUTANEOUS TISSUE DISORDERS,NAIL TOXICITY,5,1.1037527593818985,42
Preferred Term,SKIN AND SUBCUTANEOUS TISSUE DISORDERS,SKIN EXFOLIATION,5,1.1037527593818985,31
Preferred Term,SKIN AND SUBCUTANEOUS TISSUE DISORDERS,ERYTHEMA,4,0.8830022075055187,5
Preferred Term,SKIN AND SUBCUTANEOUS TISSUE DISORDERS,NIGHT SWEATS,4,0.8830022075055187,12
Preferred Term,SKIN AND SUBCUTANEOUS TISSUE DISORDERS,DERMATITIS,3,0.6622516556291391,4
Preferred Term,SKIN AND SUBCUTANEOUS TISSUE DISORDERS,ACNE,2,0.44150110375275936,5
Preferred Term,SKIN AND SUBCUTANEOUS TISSUE DISORDERS,DERMATITIS ACNEIFORM,2,0.44150110375275936,9
Preferred Term,SKIN AND SUBCUTANEOUS TISSUE DISORDERS,ECZEMA,2,0.44150110375275936,3
Preferred Term,SKIN AND SUBCUTANEOUS TISSUE DISORDERS,NAIL BED DISORDER,2,0.44150110375275936,8
Preferred Term,SKIN AND SUBCUTANEOUS TISSUE DISORDERS,NAIL DYSTROPHY,2,0.44150110375275936,5
Preferred Term,SKIN AND SUBCUTANEOUS TISSUE DISORDERS,ONYCHOCLASIS,2,0.44150110375275936,34
Preferred Term,SKIN AND SUBCUTANEOUS TISSUE DISORDERS,RASH ERYTHEMATOUS,2,0.44150110375275936,5
Preferred Term,SKIN AND SUBCUTANEOUS TISSUE DISORDERS,RASH MACULAR,2,0.44150110375275936,9
Preferred Term,SKIN AND SUBCUTANEOUS TISSUE DISORDERS,RASH PAPULAR,2,0.44150110375275936,6
Preferred Term,SKIN AND SUBCUTANEOUS TISSUE DISORDERS,DECUBITUS ULCER,1,0.22075055187637968,1
Preferred Term,SKIN AND SUBCUTANEOUS TISSUE DISORDERS,DERMATITIS CONTACT,1,0.22075055187637968,2
Preferred Term,SKIN AND SUBCUTANEOUS TISSUE DISORDERS,ECCHYMOSIS,1,0.22075055187637968,3
Preferred Term,SKIN AND SUBCUTANEOUS TISSUE DISORDERS,ERYTHROSIS,1,0.22075055187637968,1
Preferred Term,SKIN AND SUBCUTANEOUS TISSUE DISORDERS,HAIR GROWTH ABNORMAL,1,0.22075055187637968,10
Preferred Term,SKIN AND SUBCUTANEOUS TISSUE DISORDERS,INTERTRIGO,1,0.22075055187637968,2
Preferred Term,SKIN AND SUBCUTANEOUS TISSUE DISORDERS,MACULE,1,0.22075055187637968,3
Preferred Term,SKIN AND SUBCUTANEOUS TISSUE DISORDERS,MADAROSIS,1,0.22075055187637968,2
Preferred Term,SKIN AND SUBCUTANEOUS TISSUE DISORDERS,NAIL DISCOLOURATION,1,0.22075055187637968,10
Preferred Term,SKIN AND SUBCUTANEOUS TISSUE DISORDERS,PIGMENTATION DISORDER,1,0.22075055187637968,3
Preferred Term,SKIN AND SUBCUTANEOUS TISSUE DISORDERS,PRURITUS ALLERGIC,1,0.22075055187637968,1
Preferred Term,SKIN AND SUBCUTANEOUS TISSUE DISORDERS,PRURITUS GENERALISED,1,0.22075055187637968,1
Preferred Term,SKIN AND SUBCUTANEOUS TISSUE DISORDERS,PSORIASIS,1,0.22075055187637968,2
Preferred Term,SKIN AND SUBCUTANEOUS TISSUE DISORDERS,SKIN HYPERPIGMENTATION,1,0.22075055187637968,6
Preferred Term,SKIN AND SUBCUTANEOUS TISSUE DISORDERS,SKIN IRRITATION,1,0.22075055187637968,1
Preferred Term,SKIN AND SUBCUTANEOUS TISSUE DISORDERS,SUBCUTANEOUS EMPHYSEMA,1,0.22075055187637968,3
Preferred Term,SKIN AND SUBCUTANEOUS TISSUE DISORDERS,SWELLING FACE,1,0.22075055187637968,2
Preferred Term,SKIN AND SUBCUTANEOUS TISSUE DISORDERS,URTICARIA,1,0.22075055187637968,1
SOC,NERVOUS SYSTEM DISORDERS,NA,159,35.09933774834437,1012
Preferred Term,NERVOUS SYSTEM DISORDERS,PERIPHERAL SENSORY NEUROPATHY,65,14.34878587196468,461
Preferred Term,NERVOUS SYSTEM DISORDERS,HEADACHE,24,5.298013245033113,50
Preferred Term,NERVOUS SYSTEM DISORDERS,PARAESTHESIA,24,5.298013245033113,130
Preferred Term,NERVOUS SYSTEM DISORDERS,DYSGEUSIA,15,3.3112582781456954,76
Preferred Term,NERVOUS SYSTEM DISORDERS,DIZZINESS,13,2.869757174392936,22
Preferred Term,NERVOUS SYSTEM DISORDERS,POLYNEUROPATHY,10,2.207505518763797,88
Preferred Term,NERVOUS SYSTEM DISORDERS,AGEUSIA,5,1.1037527593818985,18
Preferred Term,NERVOUS SYSTEM DISORDERS,PERIPHERAL SENSORIMOTOR NEUROPATHY,5,1.1037527593818985,39
Preferred Term,NERVOUS SYSTEM DISORDERS,DYSAESTHESIA,4,0.8830022075055187,14
Preferred Term,NERVOUS SYSTEM DISORDERS,LETHARGY,4,0.8830022075055187,19
Preferred Term,NERVOUS SYSTEM DISORDERS,PERIPHERAL MOTOR NEUROPATHY,4,0.8830022075055187,15
Preferred Term,NERVOUS SYSTEM DISORDERS,PRESYNCOPE,3,0.6622516556291391,4
Preferred Term,NERVOUS SYSTEM DISORDERS,ATAXIA,2,0.44150110375275936,3
Preferred Term,NERVOUS SYSTEM DISORDERS,BALANCE DISORDER,2,0.44150110375275936,4
Preferred Term,NERVOUS SYSTEM DISORDERS,HYPOAESTHESIA,2,0.44150110375275936,3
Preferred Term,NERVOUS SYSTEM DISORDERS,NEURALGIA,2,0.44150110375275936,8
Preferred Term,NERVOUS SYSTEM DISORDERS,SCIATICA,2,0.44150110375275936,4
Preferred Term,NERVOUS SYSTEM DISORDERS,SOMNOLENCE,2,0.44150110375275936,4
Preferred Term,NERVOUS SYSTEM DISORDERS,TREMOR,2,0.44150110375275936,23
Preferred Term,NERVOUS SYSTEM DISORDERS,APHONIA,1,0.22075055187637968,1
Preferred Term,NERVOUS SYSTEM DISORDERS,COGNITIVE DISORDER,1,0.22075055187637968,6
Preferred Term,NERVOUS SYSTEM DISORDERS,CONVULSION,1,0.22075055187637968,1
Preferred Term,NERVOUS SYSTEM DISORDERS,DYSARTHRIA,1,0.22075055187637968,3
Preferred Term,NERVOUS SYSTEM DISORDERS,DYSSTASIA,1,0.22075055187637968,2
Preferred Term,NERVOUS SYSTEM DISORDERS,HEMIPLEGIA,1,0.22075055187637968,2
Preferred Term,NERVOUS SYSTEM DISORDERS,HYPOTONIA,1,0.22075055187637968,1
Preferred Term,NERVOUS SYSTEM DISORDERS,INTRACRANIAL PRESSURE INCREASED,1,0.22075055187637968,2
Preferred Term,NERVOUS SYSTEM DISORDERS,ISCHAEMIC STROKE,1,0.22075055187637968,1
Preferred Term,NERVOUS SYSTEM DISORDERS,NEUROTOXICITY,1,0.22075055187637968,1
Preferred Term,NERVOUS SYSTEM DISORDERS,RADIAL NERVE PALSY,1,0.22075055187637968,3
Preferred Term,NERVOUS SYSTEM DISORDERS,SPINAL CORD COMPRESSION,1,0.22075055187637968,2
Preferred Term,NERVOUS SYSTEM DISORDERS,SYNCOPE,1,0.22075055187637968,1
Preferred Term,NERVOUS SYSTEM DISORDERS,TRANSIENT ISCHAEMIC ATTACK,1,0.22075055187637968,1
SOC,MUSCULOSKELETAL AND CONNECTIVE TISSUE DISORDERS,NA,154,33.99558498896247,646
Preferred Term,MUSCULOSKELETAL AND CONNECTIVE TISSUE DISORDERS,ARTHRALGIA,36,7.947019867549669,109
Preferred Term,MUSCULOSKELETAL AND CONNECTIVE TISSUE DISORDERS,MYALGIA,31,6.843267108167771,94
Preferred Term,MUSCULOSKELETAL AND CONNECTIVE TISSUE DISORDERS,BACK PAIN,28,6.181015452538631,76
Preferred Term,MUSCULOSKELETAL AND CONNECTIVE TISSUE DISORDERS,MUSCULOSKELETAL PAIN,24,5.298013245033113,50
Preferred Term,MUSCULOSKELETAL AND CONNECTIVE TISSUE DISORDERS,PAIN IN EXTREMITY,23,5.077262693156733,77
Preferred Term,MUSCULOSKELETAL AND CONNECTIVE TISSUE DISORDERS,BONE PAIN,19,4.194260485651214,71
Preferred Term,MUSCULOSKELETAL AND CONNECTIVE TISSUE DISORDERS,MUSCULOSKELETAL CHEST PAIN,13,2.869757174392936,31
Preferred Term,MUSCULOSKELETAL AND CONNECTIVE TISSUE DISORDERS,MUSCLE SPASMS,8,1.7660044150110374,12
Preferred Term,MUSCULOSKELETAL AND CONNECTIVE TISSUE DISORDERS,MUSCULAR WEAKNESS,7,1.5452538631346577,28
Preferred Term,MUSCULOSKELETAL AND CONNECTIVE TISSUE DISORDERS,NECK PAIN,5,1.1037527593818985,15
Preferred Term,MUSCULOSKELETAL AND CONNECTIVE TISSUE DISORDERS,ARTHRITIS,4,0.8830022075055187,12
Preferred Term,MUSCULOSKELETAL AND CONNECTIVE TISSUE DISORDERS,CLUBBING,3,0.6622516556291391,29
Preferred Term,MUSCULOSKELETAL AND CONNECTIVE TISSUE DISORDERS,JOINT SWELLING,3,0.6622516556291391,4
Preferred Term,MUSCULOSKELETAL AND CONNECTIVE TISSUE DISORDERS,FLANK PAIN,2,0.44150110375275936,4
Preferred Term,MUSCULOSKELETAL AND CONNECTIVE TISSUE DISORDERS,HYPERCREATINAEMIA,2,0.44150110375275936,2
Preferred Term,MUSCULOSKELETAL AND CONNECTIVE TISSUE DISORDERS,MYOSITIS,2,0.44150110375275936,4
Preferred Term,MUSCULOSKELETAL AND CONNECTIVE TISSUE DISORDERS,OSTEOPOROSIS,2,0.44150110375275936,15
Preferred Term,MUSCULOSKELETAL AND CONNECTIVE TISSUE DISORDERS,MUSCULOSKELETAL DISCOMFORT,1,0.22075055187637968,2
Preferred Term,MUSCULOSKELETAL AND CONNECTIVE TISSUE DISORDERS,MUSCULOSKELETAL STIFFNESS,1,0.22075055187637968,2
Preferred Term,MUSCULOSKELETAL AND CONNECTIVE TISSUE DISORDERS,MYOPATHY,1,0.22075055187637968,4
Preferred Term,MUSCULOSKELETAL AND CONNECTIVE TISSUE DISORDERS,OSTEONECROSIS OF JAW,1,0.22075055187637968,2
Preferred Term,MUSCULOSKELETAL AND CONNECTIVE TISSUE DISORDERS,PAIN IN JAW,1,0.22075055187637968,3
SOC,INFECTIONS AND INFESTATIONS,NA,149,32.89183222958057,370
Preferred Term,INFECTIONS AND INFESTATIONS,PNEUMONIA,22,4.856512141280353,29
Preferred Term,INFECTIONS AND INFESTATIONS,URINARY TRACT INFECTION,19,4.194260485651214,31
Preferred Term,INFECTIONS AND INFESTATIONS,BRONCHITIS,17,3.752759381898455,29
Preferred Term,INFECTIONS AND INFESTATIONS,RESPIRATORY TRACT INFECTION,14,3.0905077262693155,25
Preferred Term,INFECTIONS AND INFESTATIONS,NEUTROPENIC INFECTION,12,2.6490066225165565,13
Preferred Term,INFECTIONS AND INFESTATIONS,UPPER RESPIRATORY TRACT INFECTION,12,2.6490066225165565,18
Preferred Term,INFECTIONS AND INFESTATIONS,LOWER RESPIRATORY TRACT INFECTION,8,1.7660044150110374,12
Preferred Term,INFECTIONS AND INFESTATIONS,NASOPHARYNGITIS,8,1.7660044150110374,12
Preferred Term,INFECTIONS AND INFESTATIONS,ORAL CANDIDIASIS,8,1.7660044150110374,22
Preferred Term,INFECTIONS AND INFESTATIONS,LUNG INFECTION,7,1.5452538631346577,8
Preferred Term,INFECTIONS AND INFESTATIONS,RHINITIS,6,1.3245033112582782,23
Preferred Term,INFECTIONS AND INFESTATIONS,CYSTITIS,5,1.1037527593818985,10
Preferred Term,INFECTIONS AND INFESTATIONS,INFLUENZA,5,1.1037527593818985,9
Preferred Term,INFECTIONS AND INFESTATIONS,NEUTROPENIC SEPSIS,3,0.6622516556291391,4
Preferred Term,INFECTIONS AND INFESTATIONS,PARONYCHIA,3,0.6622516556291391,8
Preferred Term,INFECTIONS AND INFESTATIONS,PHARYNGITIS,3,0.6622516556291391,3
Preferred Term,INFECTIONS AND INFESTATIONS,GASTROENTERITIS,2,0.44150110375275936,2
Preferred Term,INFECTIONS AND INFESTATIONS,HEPATITIS C,2,0.44150110375275936,6
Preferred Term,INFECTIONS AND INFESTATIONS,HERPES ZOSTER,2,0.44150110375275936,2
Preferred Term,INFECTIONS AND INFESTATIONS,HORDEOLUM,2,0.44150110375275936,3
Preferred Term,INFECTIONS AND INFESTATIONS,LARYNGITIS,2,0.44150110375275936,3
Preferred Term,INFECTIONS AND INFESTATIONS,ONYCHOMYCOSIS,2,0.44150110375275936,8
Preferred Term,INFECTIONS AND INFESTATIONS,SINUSITIS,2,0.44150110375275936,8
Preferred Term,INFECTIONS AND INFESTATIONS,VIRAL INFECTION,2,0.44150110375275936,5
Preferred Term,INFECTIONS AND INFESTATIONS,VULVOVAGINAL CANDIDIASIS,2,0.44150110375275936,2
Preferred Term,INFECTIONS AND INFESTATIONS,ABSCESS,1,0.22075055187637968,5
Preferred Term,INFECTIONS AND INFESTATIONS,BRONCHIECTASIS,1,0.22075055187637968,1
Preferred Term,INFECTIONS AND INFESTATIONS,BRONCHOPNEUMONIA,1,0.22075055187637968,1
Preferred Term,INFECTIONS AND INFESTATIONS,CELLULITIS,1,0.22075055187637968,1
Preferred Term,INFECTIONS AND INFESTATIONS,EAR INFECTION,1,0.22075055187637968,2
Preferred Term,INFECTIONS AND INFESTATIONS,EMPYEMA,1,0.22075055187637968,2
Preferred Term,INFECTIONS AND INFESTATIONS,ESCHERICHIA URINARY TRACT INFECTION,1,0.22075055187637968,1
Preferred Term,INFECTIONS AND INFESTATIONS,FOLLICULITIS,1,0.22075055187637968,2
Preferred Term,INFECTIONS AND INFESTATIONS,FUNGAL INFECTION,1,0.22075055187637968,1
Preferred Term,INFECTIONS AND INFESTATIONS,FUNGAL SKIN INFECTION,1,0.22075055187637968,3
Preferred Term,INFECTIONS AND INFESTATIONS,H1N1 INFLUENZA,1,0.22075055187637968,1
Preferred Term,INFECTIONS AND INFESTATIONS,LOBAR PNEUMONIA,1,0.22075055187637968,2
Preferred Term,INFECTIONS AND INFESTATIONS,LOWER RESPIRATORY TRACT INFECTION BACTERIAL,1,0.22075055187637968,1
Preferred Term,INFECTIONS AND INFESTATIONS,NAIL BED INFECTION,1,0.22075055187637968,1
Preferred Term,INFECTIONS AND INFESTATIONS,NAIL INFECTION,1,0.22075055187637968,20
Preferred Term,INFECTIONS AND INFESTATIONS,ORAL HERPES,1,0.22075055187637968,1
Preferred Term,INFECTIONS AND INFESTATIONS,ORCHITIS,1,0.22075055187637968,2
Preferred Term,INFECTIONS AND INFESTATIONS,OROPHARYNGEAL CANDIDIASIS,1,0.22075055187637968,1
Preferred Term,INFECTIONS AND INFESTATIONS,PILONIDAL CYST,1,0.22075055187637968,3
Preferred Term,INFECTIONS AND INFESTATIONS,PNEUMONIA MORAXELLA,1,0.22075055187637968,1
Preferred Term,INFECTIONS AND INFESTATIONS,PULMONARY TUBERCULOSIS,1,0.22075055187637968,5
Preferred Term,INFECTIONS AND INFESTATIONS,SEPSIS,1,0.22075055187637968,1
Preferred Term,INFECTIONS AND INFESTATIONS,SPUTUM PURULENT,1,0.22075055187637968,1
Preferred Term,INFECTIONS AND INFESTATIONS,STAPHYLOCOCCAL BACTERAEMIA,1,0.22075055187637968,1
Preferred Term,INFECTIONS AND INFESTATIONS,TINEA CAPITIS,1,0.22075055187637968,1
Preferred Term,INFECTIONS AND INFESTATIONS,TINEA CRURIS,1,0.22075055187637968,2
Preferred Term,INFECTIONS AND INFESTATIONS,TINEA PEDIS,1,0.22075055187637968,5
Preferred Term,INFECTIONS AND INFESTATIONS,TONSILLITIS,1,0.22075055187637968,1
Preferred Term,INFECTIONS AND INFESTATIONS,TOOTH INFECTION,1,0.22075055187637968,1
Preferred Term,INFECTIONS AND INFESTATIONS,TOXOPLASMOSIS,1,0.22075055187637968,3
Preferred Term,INFECTIONS AND INFESTATIONS,VULVOVAGINAL MYCOTIC INFECTION,1,0.22075055187637968,2
SOC,METABOLISM AND NUTRITION DISORDERS,NA,104,22.958057395143488,336
Preferred Term,METABOLISM AND NUTRITION DISORDERS,DECREASED APPETITE,90,19.867549668874172,268
Preferred Term,METABOLISM AND NUTRITION DISORDERS,DEHYDRATION,11,2.4282560706401766,11
Preferred Term,METABOLISM AND NUTRITION DISORDERS,DIABETES MELLITUS,3,0.6622516556291391,14
Preferred Term,METABOLISM AND NUTRITION DISORDERS,FLUID RETENTION,2,0.44150110375275936,23
Preferred Term,METABOLISM AND NUTRITION DISORDERS,CACHEXIA,1,0.22075055187637968,1
Preferred Term,METABOLISM AND NUTRITION DISORDERS,DIABETES MELLITUS INADEQUATE CONTROL,1,0.22075055187637968,9
Preferred Term,METABOLISM AND NUTRITION DISORDERS,GOUT,1,0.22075055187637968,4
Preferred Term,METABOLISM AND NUTRITION DISORDERS,HYPERGLYCAEMIA,1,0.22075055187637968,1
Preferred Term,METABOLISM AND NUTRITION DISORDERS,HYPERPHOSPHATASAEMIA,1,0.22075055187637968,1
Preferred Term,METABOLISM AND NUTRITION DISORDERS,HYPOKALAEMIA,1,0.22075055187637968,1
Preferred Term,METABOLISM AND NUTRITION DISORDERS,HYPOVOLAEMIA,1,0.22075055187637968,1
Preferred Term,METABOLISM AND NUTRITION DISORDERS,MALNUTRITION,1,0.22075055187637968,1
Preferred Term,METABOLISM AND NUTRITION DISORDERS,STARVATION,1,0.22075055187637968,1
SOC,VASCULAR DISORDERS,NA,60,13.245033112582782,237
Preferred Term,VASCULAR DISORDERS,HYPERTENSION,23,5.077262693156733,113
Preferred Term,VASCULAR DISORDERS,HYPOTENSION,10,2.207505518763797,19
Preferred Term,VASCULAR DISORDERS,DEEP VEIN THROMBOSIS,8,1.7660044150110374,23
Preferred Term,VASCULAR DISORDERS,PHLEBITIS SUPERFICIAL,8,1.7660044150110374,9
Preferred Term,VASCULAR DISORDERS,FLUSHING,4,0.8830022075055187,24
Preferred Term,VASCULAR DISORDERS,HOT FLUSH,4,0.8830022075055187,7
Preferred Term,VASCULAR DISORDERS,SUBCLAVIAN VEIN THROMBOSIS,3,0.6622516556291391,7
Preferred Term,VASCULAR DISORDERS,THROMBOPHLEBITIS SUPERFICIAL,2,0.44150110375275936,2
Preferred Term,VASCULAR DISORDERS,ARTERIAL STENOSIS,1,0.22075055187637968,1
Preferred Term,VASCULAR DISORDERS,EMBOLISM VENOUS,1,0.22075055187637968,11
Preferred Term,VASCULAR DISORDERS,HYPERAEMIA,1,0.22075055187637968,5
Preferred Term,VASCULAR DISORDERS,INTERMITTENT CLAUDICATION,1,0.22075055187637968,8
Preferred Term,VASCULAR DISORDERS,PALLOR,1,0.22075055187637968,1
Preferred Term,VASCULAR DISORDERS,SUPERIOR VENA CAVAL OCCLUSION,1,0.22075055187637968,2
Preferred Term,VASCULAR DISORDERS,VENOUS INSUFFICIENCY,1,0.22075055187637968,5
SOC,BLOOD AND LYMPHATIC SYSTEM DISORDERS,NA,47,10.375275938189846,65
Preferred Term,BLOOD AND LYMPHATIC SYSTEM DISORDERS,FEBRILE NEUTROPENIA,19,4.194260485651214,20
Preferred Term,BLOOD AND LYMPHATIC SYSTEM DISORDERS,NEUTROPENIA,16,3.532008830022075,21
Preferred Term,BLOOD AND LYMPHATIC SYSTEM DISORDERS,ANAEMIA,8,1.7660044150110374,17
Preferred Term,BLOOD AND LYMPHATIC SYSTEM DISORDERS,GRANULOCYTOPENIA,1,0.22075055187637968,1
Preferred Term,BLOOD AND LYMPHATIC SYSTEM DISORDERS,LEUKOCYTOSIS,1,0.22075055187637968,1
Preferred Term,BLOOD AND LYMPHATIC SYSTEM DISORDERS,LEUKOPENIA,1,0.22075055187637968,1
Preferred Term,BLOOD AND LYMPHATIC SYSTEM DISORDERS,LYMPH NODE PAIN,1,0.22075055187637968,2
Preferred Term,BLOOD AND LYMPHATIC SYSTEM DISORDERS,LYMPHADENOPATHY,1,0.22075055187637968,2
SOC,INVESTIGATIONS,NA,46,10.154525386313466,158
Preferred Term,INVESTIGATIONS,WEIGHT DECREASED,32,7.06401766004415,93
Preferred Term,INVESTIGATIONS,WEIGHT INCREASED,8,1.7660044150110374,50
Preferred Term,INVESTIGATIONS,INTERNATIONAL NORMALISED RATIO INCREASED,2,0.44150110375275936,4
Preferred Term,INVESTIGATIONS,ALANINE AMINOTRANSFERASE INCREASED,1,0.22075055187637968,2
Preferred Term,INVESTIGATIONS,HAEMOGLOBIN DECREASED,1,0.22075055187637968,1
Preferred Term,INVESTIGATIONS,TRANSAMINASES INCREASED,1,0.22075055187637968,2
Preferred Term,INVESTIGATIONS,URINE OUTPUT DECREASED,1,0.22075055187637968,5
Preferred Term,INVESTIGATIONS,URINE PROTEIN/CREATININE RATIO INCREASED,1,0.22075055187637968,1
SOC,EYE DISORDERS,NA,38,8.388520971302428,189
Preferred Term,EYE DISORDERS,LACRIMATION INCREASED,17,3.752759381898455,87
Preferred Term,EYE DISORDERS,CONJUNCTIVITIS,10,2.207505518763797,32
Preferred Term,EYE DISORDERS,VISION BLURRED,7,1.5452538631346577,9
Preferred Term,EYE DISORDERS,CONJUNCTIVAL HAEMORRHAGE,2,0.44150110375275936,4
Preferred Term,EYE DISORDERS,DRY EYE,2,0.44150110375275936,10
Preferred Term,EYE DISORDERS,EYE PRURITUS,1,0.22075055187637968,7
Preferred Term,EYE DISORDERS,EYELID OEDEMA,1,0.22075055187637968,1
Preferred Term,EYE DISORDERS,KERATITIS,1,0.22075055187637968,2
Preferred Term,EYE DISORDERS,VISUAL IMPAIRMENT,1,0.22075055187637968,33
Preferred Term,EYE DISORDERS,VITREOUS FLOATERS,1,0.22075055187637968,3
Preferred Term,EYE DISORDERS,XEROPHTHALMIA,1,0.22075055187637968,1
SOC,PSYCHIATRIC DISORDERS,NA,37,8.167770419426049,149
Preferred Term,PSYCHIATRIC DISORDERS,INSOMNIA,18,3.9735099337748343,83
Preferred Term,PSYCHIATRIC DISORDERS,ANXIETY,5,1.1037527593818985,14
Preferred Term,PSYCHIATRIC DISORDERS,DEPRESSION,5,1.1037527593818985,19
Preferred Term,PSYCHIATRIC DISORDERS,CONFUSIONAL STATE,4,0.8830022075055187,5
Preferred Term,PSYCHIATRIC DISORDERS,SLEEP DISORDER,3,0.6622516556291391,8
Preferred Term,PSYCHIATRIC DISORDERS,AGITATION,1,0.22075055187637968,1
Preferred Term,PSYCHIATRIC DISORDERS,DELIRIUM,1,0.22075055187637968,2
Preferred Term,PSYCHIATRIC DISORDERS,DEPRESSED MOOD,1,0.22075055187637968,1
Preferred Term,PSYCHIATRIC DISORDERS,DISORIENTATION,1,0.22075055187637968,1
Preferred Term,PSYCHIATRIC DISORDERS,DRUG DEPENDENCE,1,0.22075055187637968,13
Preferred Term,PSYCHIATRIC DISORDERS,MENTAL STATUS CHANGES,1,0.22075055187637968,1
Preferred Term,PSYCHIATRIC DISORDERS,MOOD ALTERED,1,0.22075055187637968,1
SOC,CARDIAC DISORDERS,NA,25,5.518763796909492,49
Preferred Term,CARDIAC DISORDERS,TACHYCARDIA,10,2.207505518763797,23
Preferred Term,CARDIAC DISORDERS,PALPITATIONS,4,0.8830022075055187,7
Preferred Term,CARDIAC DISORDERS,ATRIAL FIBRILLATION,3,0.6622516556291391,8
Preferred Term,CARDIAC DISORDERS,ANGINA PECTORIS,2,0.44150110375275936,2
Preferred Term,CARDIAC DISORDERS,ARRHYTHMIA,1,0.22075055187637968,2
Preferred Term,CARDIAC DISORDERS,CARDIAC FAILURE,1,0.22075055187637968,1
Preferred Term,CARDIAC DISORDERS,CARDIOVASCULAR DISORDER,1,0.22075055187637968,1
Preferred Term,CARDIAC DISORDERS,EXTRASYSTOLES,1,0.22075055187637968,1
Preferred Term,CARDIAC DISORDERS,PERICARDIAL EFFUSION,1,0.22075055187637968,1
Preferred Term,CARDIAC DISORDERS,SINUS TACHYCARDIA,1,0.22075055187637968,1
Preferred Term,CARDIAC DISORDERS,SUPRAVENTRICULAR TACHYCARDIA,1,0.22075055187637968,1
Preferred Term,CARDIAC DISORDERS,VENTRICULAR TACHYCARDIA,1,0.22075055187637968,1
SOC,RENAL AND URINARY DISORDERS,NA,19,4.194260485651214,32
Preferred Term,RENAL AND URINARY DISORDERS,URINARY RETENTION,5,1.1037527593818985,8
Preferred Term,RENAL AND URINARY DISORDERS,PROTEINURIA,4,0.8830022075055187,7
Preferred Term,RENAL AND URINARY DISORDERS,HAEMATURIA,3,0.6622516556291391,5
Preferred Term,RENAL AND URINARY DISORDERS,DYSURIA,2,0.44150110375275936,4
Preferred Term,RENAL AND URINARY DISORDERS,GLYCOSURIA,1,0.22075055187637968,1
Preferred Term,RENAL AND URINARY DISORDERS,NEPHROLITHIASIS,1,0.22075055187637968,2
Preferred Term,RENAL AND URINARY DISORDERS,OLIGURIA,1,0.22075055187637968,2
Preferred Term,RENAL AND URINARY DISORDERS,POLLAKIURIA,1,0.22075055187637968,1
Preferred Term,RENAL AND URINARY DISORDERS,POLYURIA,1,0.22075055187637968,1
Preferred Term,RENAL AND URINARY DISORDERS,RENAL FAILURE ACUTE,1,0.22075055187637968,1
SOC,EAR AND LABYRINTH DISORDERS,NA,17,3.752759381898455,48
Preferred Term,EAR AND LABYRINTH DISORDERS,VERTIGO,8,1.7660044150110374,19
Preferred Term,EAR AND LABYRINTH DISORDERS,TINNITUS,6,1.3245033112582782,26
Preferred Term,EAR AND LABYRINTH DISORDERS,AURICULAR PERICHONDRITIS,1,0.22075055187637968,1
Preferred Term,EAR AND LABYRINTH DISORDERS,EAR PAIN,1,0.22075055187637968,1
Preferred Term,EAR AND LABYRINTH DISORDERS,MENIERE'S DISEASE,1,0.22075055187637968,1
SOC,"INJURY, POISONING AND PROCEDURAL COMPLICATIONS",NA,16,3.532008830022075,32
Preferred Term,"INJURY, POISONING AND PROCEDURAL COMPLICATIONS",FALL,5,1.1037527593818985,5
Preferred Term,"INJURY, POISONING AND PROCEDURAL COMPLICATIONS",BACK INJURY,1,0.22075055187637968,1
Preferred Term,"INJURY, POISONING AND PROCEDURAL COMPLICATIONS",CHEST INJURY,1,0.22075055187637968,1
Preferred Term,"INJURY, POISONING AND PROCEDURAL COMPLICATIONS",CONTRAST MEDIA REACTION,1,0.22075055187637968,1
Preferred Term,"INJURY, POISONING AND PROCEDURAL COMPLICATIONS",CONTUSION,1,0.22075055187637968,2
Preferred Term,"INJURY, POISONING AND PROCEDURAL COMPLICATIONS",DRUG TOXICITY,1,0.22075055187637968,4
Preferred Term,"INJURY, POISONING AND PROCEDURAL COMPLICATIONS",ESCHAR,1,0.22075055187637968,1
Preferred Term,"INJURY, POISONING AND PROCEDURAL COMPLICATIONS",FACIAL BONES FRACTURE,1,0.22075055187637968,3
Preferred Term,"INJURY, POISONING AND PROCEDURAL COMPLICATIONS",JOINT INJURY,1,0.22075055187637968,2
Preferred Term,"INJURY, POISONING AND PROCEDURAL COMPLICATIONS",POST-TRAUMATIC PAIN,1,0.22075055187637968,3
Preferred Term,"INJURY, POISONING AND PROCEDURAL COMPLICATIONS",PROCEDURAL PAIN,1,0.22075055187637968,1
Preferred Term,"INJURY, POISONING AND PROCEDURAL COMPLICATIONS",ROAD TRAFFIC ACCIDENT,1,0.22075055187637968,1
Preferred Term,"INJURY, POISONING AND PROCEDURAL COMPLICATIONS",TRANSFUSION REACTION,1,0.22075055187637968,2
Preferred Term,"INJURY, POISONING AND PROCEDURAL COMPLICATIONS",WOUND,1,0.22075055187637968,5
SOC,"NEOPLASMS BENIGN, MALIGNANT AND UNSPECIFIED (INCL CYSTS AND POLYPS)",NA,15,3.3112582781456954,33
Preferred Term,"NEOPLASMS BENIGN, MALIGNANT AND UNSPECIFIED (INCL CYSTS AND POLYPS)",TUMOUR PAIN,8,1.7660044150110374,21
Preferred Term,"NEOPLASMS BENIGN, MALIGNANT AND UNSPECIFIED (INCL CYSTS AND POLYPS)",CANCER PAIN,3,0.6622516556291391,6
Preferred Term,"NEOPLASMS BENIGN, MALIGNANT AND UNSPECIFIED (INCL CYSTS AND POLYPS)",MALIGNANT PLEURAL EFFUSION,1,0.22075055187637968,1
Preferred Term,"NEOPLASMS BENIGN, MALIGNANT AND UNSPECIFIED (INCL CYSTS AND POLYPS)",METASTASES TO CENTRAL NERVOUS SYSTEM,1,0.22075055187637968,1
Preferred Term,"NEOPLASMS BENIGN, MALIGNANT AND UNSPECIFIED (INCL CYSTS AND POLYPS)",METASTATIC NEOPLASM,1,0.22075055187637968,2
Preferred Term,"NEOPLASMS BENIGN, MALIGNANT AND UNSPECIFIED (INCL CYSTS AND POLYPS)",METASTATIC PAIN,1,0.22075055187637968,2
SOC,IMMUNE SYSTEM DISORDERS,NA,10,2.207505518763797,14
Preferred Term,IMMUNE SYSTEM DISORDERS,HYPERSENSITIVITY,6,1.3245033112582782,7
Preferred Term,IMMUNE SYSTEM DISORDERS,DRUG HYPERSENSITIVITY,3,0.6622516556291391,6
Preferred Term,IMMUNE SYSTEM DISORDERS,CYTOKINE RELEASE SYNDROME,1,0.22075055187637968,1
SOC,REPRODUCTIVE SYSTEM AND BREAST DISORDERS,NA,8,1.7660044150110374,21
Preferred Term,REPRODUCTIVE SYSTEM AND BREAST DISORDERS,ERECTILE DYSFUNCTION,2,0.44150110375275936,6
Preferred Term,REPRODUCTIVE SYSTEM AND BREAST DISORDERS,BREAST PAIN,1,0.22075055187637968,1
Preferred Term,REPRODUCTIVE SYSTEM AND BREAST DISORDERS,ENDOMETRIAL DISORDER,1,0.22075055187637968,5
Preferred Term,REPRODUCTIVE SYSTEM AND BREAST DISORDERS,GENITAL ERYTHEMA,1,0.22075055187637968,2
Preferred Term,REPRODUCTIVE SYSTEM AND BREAST DISORDERS,METRORRHAGIA,1,0.22075055187637968,3
Preferred Term,REPRODUCTIVE SYSTEM AND BREAST DISORDERS,NIPPLE PAIN,1,0.22075055187637968,2
Preferred Term,REPRODUCTIVE SYSTEM AND BREAST DISORDERS,VAGINAL HAEMORRHAGE,1,0.22075055187637968,1
Preferred Term,REPRODUCTIVE SYSTEM AND BREAST DISORDERS,VAGINAL ULCERATION,1,0.22075055187637968,1
SOC,HEPATOBILIARY DISORDERS,NA,2,0.44150110375275936,13
Preferred Term,HEPATOBILIARY DISORDERS,CYTOLYTIC HEPATITIS,1,0.22075055187637968,10
Preferred Term,HEPATOBILIARY DISORDERS,HEPATOSPLENOMEGALY,1,0.22075055187637968,3
SOC,ENDOCRINE DISORDERS,NA,1,0.22075055187637968,2
Preferred Term,ENDOCRINE DISORDERS,HYPERTHYROIDISM,1,0.22075055187637968,2
